_index,_type,_id,_score,_source.os.arch,_source.os.codename,_source.os.major,_source.os.minor,_source.os.name,_source.os.platform,_source.os.uname,_source.os.version,_source.lastKeepAlive,_source.configSum,_source.node_name,_source.mergedSum,_source.dateAdd,_source.name,_source.ip,_source.id,_source.status,_source.registerIP,_source.group,_source.version,_source.manager,_source.timestamp,_source.host,_source.cluster.name
racVM-monitoring-2022.14w,_doc,wKuC-n8Bo1kLDy8QCkoO,1.7652504,x86_64,Focal Fossa,20,4,Ubuntu,ubuntu,Linux |administrator-virtual-machine |5.13.0-39-generic |#44~20.04.1-Ubuntu SMP Thu Mar 24 16:43:35 UTC 2022 |x86_64,20.04.4 LTS,2022-04-05T16:14:59Z,ab73af41699f13fdd81903b5f23d8d00,node01,2c45c95db2954d2c7d0ea533f09e81a5,2022-04-05T16:10:48Z,administrator-virtual-machine,192.168.32.147,2,active,any,"[""default""]",racVM v4.2.6,racVM-manager,4/5/2022 16:15,racVM-manager,disabled
racVM-monitoring-2022.14w,_doc,jaur-n8Bo1kLDy8QP0sX,1.7652504,x86_64,Focal Fossa,20,4,Ubuntu,ubuntu,Linux |administrator-virtual-machine |5.13.0-39-generic |#44~20.04.1-Ubuntu SMP Thu Mar 24 16:43:35 UTC 2022 |x86_64,20.04.4 LTS,2022-04-05T16:59:56Z,ab73af41699f13fdd81903b5f23d8d00,node01,2c45c95db2954d2c7d0ea533f09e81a5,2022-04-05T16:10:48Z,administrator-virtual-machine,192.168.32.147,2,active,any,"[""default""]",racVM v4.2.6,racVM-manager,4/5/2022 17:00,racVM-manager,disabled
racVM-monitoring-2022.14w,_doc,Y6ud-n8Bo1kLDy8QgksZ,1.7652504,x86_64,Focal Fossa,20,4,Ubuntu,ubuntu,Linux |administrator-virtual-machine |5.13.0-39-generic |#44~20.04.1-Ubuntu SMP Thu Mar 24 16:43:35 UTC 2022 |x86_64,20.04.4 LTS,2022-04-05T16:44:56Z,ab73af41699f13fdd81903b5f23d8d00,node01,2c45c95db2954d2c7d0ea533f09e81a5,2022-04-05T16:10:48Z,administrator-virtual-machine,192.168.32.147,2,active,any,"[""default""]",racVM v4.2.6,racVM-manager,4/5/2022 16:45,racVM-manager,disabled
racVM-monitoring-2022.14w,_doc,PhiI_n8BNtEzm59aAQXO,1.7652504,x86_64,Focal Fossa,20,4,Ubuntu,ubuntu,Linux |administrator-virtual-machine |5.13.0-39-generic |#44~20.04.1-Ubuntu SMP Thu Mar 24 16:43:35 UTC 2022 |x86_64,20.04.4 LTS,2022-04-06T10:59:51Z,ab73af41699f13fdd81903b5f23d8d00,node01,2c45c95db2954d2c7d0ea533f09e81a5,2022-04-05T16:10:48Z,administrator-virtual-machine,192.168.32.147,2,active,any,"[""default""]",racVM v4.2.6,racVM-manager,4/6/2022 11:00,racVM-manager,disabled
racVM-monitoring-2022.14w,_doc,WxiV_n8BNtEzm59awQXR,1.7652504,x86_64,Focal Fossa,20,4,Ubuntu,ubuntu,Linux |administrator-virtual-machine |5.13.0-39-generic |#44~20.04.1-Ubuntu SMP Thu Mar 24 16:43:35 UTC 2022 |x86_64,20.04.4 LTS,2022-04-06T11:14:50Z,ab73af41699f13fdd81903b5f23d8d00,node01,2c45c95db2954d2c7d0ea533f09e81a5,2022-04-05T16:10:48Z,administrator-virtual-machine,192.168.32.147,2,active,any,"[""default""]",racVM v4.2.6,racVM-manager,4/6/2022 11:15,racVM-manager,disabled
racVM-monitoring-2022.14w,_doc,exij_n8BNtEzm59aeQUN,1.7652504,x86_64,Focal Fossa,20,4,Ubuntu,ubuntu,Linux |administrator-virtual-machine |5.13.0-39-generic |#44~20.04.1-Ubuntu SMP Thu Mar 24 16:43:35 UTC 2022 |x86_64,20.04.4 LTS,2022-04-06T11:29:50Z,ab73af41699f13fdd81903b5f23d8d00,node01,2c45c95db2954d2c7d0ea533f09e81a5,2022-04-05T16:10:48Z,administrator-virtual-machine,192.168.32.147,2,active,any,"[""default""]",racVM v4.2.6,racVM-manager,4/6/2022 11:30,racVM-manager,disabled
racVM-monitoring-2022.14w,_doc,xhhe_n8BNtEzm59a0gTq,1.7652504,x86_64,Focal Fossa,20,4,Ubuntu,ubuntu,Linux |administrator-virtual-machine |5.13.0-39-generic |#44~20.04.1-Ubuntu SMP Thu Mar 24 16:43:35 UTC 2022 |x86_64,20.04.4 LTS,2022-04-06T10:14:54Z,ab73af41699f13fdd81903b5f23d8d00,node01,2c45c95db2954d2c7d0ea533f09e81a5,2022-04-05T16:10:48Z,administrator-virtual-machine,192.168.32.147,2,active,any,"[""default""]",racVM v4.2.6,racVM-manager,4/6/2022 10:15,racVM-manager,disabled
racVM-monitoring-2022.14w,_doc,2xhs_n8BNtEzm59aiQQE,1.7652504,x86_64,Focal Fossa,20,4,Ubuntu,ubuntu,Linux |administrator-virtual-machine |5.13.0-39-generic |#44~20.04.1-Ubuntu SMP Thu Mar 24 16:43:35 UTC 2022 |x86_64,20.04.4 LTS,2022-04-06T10:29:54Z,ab73af41699f13fdd81903b5f23d8d00,node01,2c45c95db2954d2c7d0ea533f09e81a5,2022-04-05T16:10:48Z,administrator-virtual-machine,192.168.32.147,2,active,any,"[""default""]",racVM v4.2.6,racVM-manager,4/6/2022 10:30,racVM-manager,disabled
racVM-monitoring-2022.14w,_doc,Axh6_n8BNtEzm59aRAX_,1.7652504,x86_64,Focal Fossa,20,4,Ubuntu,ubuntu,Linux |administrator-virtual-machine |5.13.0-39-generic |#44~20.04.1-Ubuntu SMP Thu Mar 24 16:43:35 UTC 2022 |x86_64,20.04.4 LTS,2022-04-06T10:44:52Z,ab73af41699f13fdd81903b5f23d8d00,node01,2c45c95db2954d2c7d0ea533f09e81a5,2022-04-05T16:10:48Z,administrator-virtual-machine,192.168.32.147,2,active,any,"[""default""]",racVM v4.2.6,racVM-manager,4/6/2022 10:45,racVM-manager,disabled
racVM-monitoring-2022.14w,_doc,lhix_n8BNtEzm59aNAUL,1.7652504,x86_64,Focal Fossa,20,4,Ubuntu,ubuntu,Linux |administrator-virtual-machine |5.13.0-39-generic |#44~20.04.1-Ubuntu SMP Thu Mar 24 16:43:35 UTC 2022 |x86_64,20.04.4 LTS,2022-04-06T11:45:00Z,ab73af41699f13fdd81903b5f23d8d00,node01,2c45c95db2954d2c7d0ea533f09e81a5,2022-04-05T16:10:48Z,administrator-virtual-machine,192.168.32.147,2,active,any,"[""default""]",racVM v4.2.6,racVM-manager,4/6/2022 11:45,racVM-manager,disabled
racVM-monitoring-2022.14w,_doc,qxi-_n8BNtEzm59a7wWz,1.7652504,x86_64,Focal Fossa,20,4,Ubuntu,ubuntu,Linux |administrator-virtual-machine |5.13.0-39-generic |#44~20.04.1-Ubuntu SMP Thu Mar 24 16:43:35 UTC 2022 |x86_64,20.04.4 LTS,2022-04-06T11:59:59Z,ab73af41699f13fdd81903b5f23d8d00,node01,2c45c95db2954d2c7d0ea533f09e81a5,2022-04-05T16:10:48Z,administrator-virtual-machine,192.168.32.147,2,active,any,"[""default""]",racVM v4.2.6,racVM-manager,4/6/2022 12:00,racVM-manager,disabled
racVM-monitoring-2022.14w,_doc,yBjM_n8BNtEzm59arAXd,1.7652504,x86_64,Focal Fossa,20,4,Ubuntu,ubuntu,Linux |administrator-virtual-machine |5.13.0-39-generic |#44~20.04.1-Ubuntu SMP Thu Mar 24 16:43:35 UTC 2022 |x86_64,20.04.4 LTS,2022-04-06T12:14:58Z,ab73af41699f13fdd81903b5f23d8d00,node01,2c45c95db2954d2c7d0ea533f09e81a5,2022-04-05T16:10:48Z,administrator-virtual-machine,192.168.32.147,2,active,any,"[""default""]",racVM v4.2.6,racVM-manager,4/6/2022 12:15,racVM-manager,disabled
racVM-monitoring-2022.14w,_doc,ohhx_38BNtEzm59adwhf,1.7652504,x86_64,Focal Fossa,20,4,Ubuntu,ubuntu,Linux |administrator-virtual-machine |5.13.0-39-generic |#44~20.04.1-Ubuntu SMP Thu Mar 24 16:43:35 UTC 2022 |x86_64,20.04.4 LTS,2022-04-06T15:14:50Z,ab73af41699f13fdd81903b5f23d8d00,node01,2c45c95db2954d2c7d0ea533f09e81a5,2022-04-05T16:10:48Z,administrator-virtual-machine,192.168.32.147,2,active,any,"[""default""]",racVM v4.2.6,racVM-manager,4/6/2022 15:15,racVM-manager,disabled
racVM-monitoring-2022.14w,_doc,sxh__38BNtEzm59aMwgR,1.7652504,x86_64,Focal Fossa,20,4,Ubuntu,ubuntu,Linux |administrator-virtual-machine |5.13.0-39-generic |#44~20.04.1-Ubuntu SMP Thu Mar 24 16:43:35 UTC 2022 |x86_64,20.04.4 LTS,2022-04-06T15:29:50Z,ab73af41699f13fdd81903b5f23d8d00,node01,2c45c95db2954d2c7d0ea533f09e81a5,2022-04-05T16:10:48Z,administrator-virtual-machine,192.168.32.147,2,active,any,"[""default""]",racVM v4.2.6,racVM-manager,4/6/2022 15:30,racVM-manager,disabled
racVM-monitoring-2022.14w,_doc,SxhW_38BNtEzm59aAwjl,1.7652504,x86_64,Focal Fossa,20,4,Ubuntu,ubuntu,Linux |administrator-virtual-machine |5.13.0-39-generic |#44~20.04.1-Ubuntu SMP Thu Mar 24 16:43:35 UTC 2022 |x86_64,20.04.4 LTS,2022-04-06T14:44:52Z,ab73af41699f13fdd81903b5f23d8d00,node01,2c45c95db2954d2c7d0ea533f09e81a5,2022-04-05T16:10:48Z,administrator-virtual-machine,192.168.32.147,2,active,any,"[""default""]",racVM v4.2.6,racVM-manager,4/6/2022 14:45,racVM-manager,disabled
racVM-monitoring-2022.14w,_doc,zxi2_38BNtEzm59aIQpS,1.7652504,x86_64,Focal Fossa,20,4,Ubuntu,ubuntu,Linux |administrator-virtual-machine |5.13.0-39-generic |#44~20.04.1-Ubuntu SMP Thu Mar 24 16:43:35 UTC 2022 |x86_64,20.04.4 LTS,2022-04-06T16:29:58Z,ab73af41699f13fdd81903b5f23d8d00,node01,2c45c95db2954d2c7d0ea533f09e81a5,2022-04-05T16:10:48Z,administrator-virtual-machine,192.168.32.147,2,active,any,"[""default""]",racVM v4.2.6,racVM-manager,4/6/2022 16:30,racVM-manager,disabled
racVM-monitoring-2022.14w,_doc,chhj_38BNtEzm59avAiR,1.7652504,x86_64,Focal Fossa,20,4,Ubuntu,ubuntu,Linux |administrator-virtual-machine |5.13.0-39-generic |#44~20.04.1-Ubuntu SMP Thu Mar 24 16:43:35 UTC 2022 |x86_64,20.04.4 LTS,2022-04-06T14:59:51Z,ab73af41699f13fdd81903b5f23d8d00,node01,2c45c95db2954d2c7d0ea533f09e81a5,2022-04-05T16:10:48Z,administrator-virtual-machine,192.168.32.147,2,active,any,"[""default""]",racVM v4.2.6,racVM-manager,4/6/2022 15:00,racVM-manager,disabled
racVM-monitoring-2022.14w,_doc,TBiM_38BNtEzm59a8wq3,1.7652504,x86_64,Focal Fossa,20,4,Ubuntu,ubuntu,Linux |administrator-virtual-machine |5.13.0-39-generic |#44~20.04.1-Ubuntu SMP Thu Mar 24 16:43:35 UTC 2022 |x86_64,20.04.4 LTS,2022-04-06T15:45:00Z,ab73af41699f13fdd81903b5f23d8d00,node01,2c45c95db2954d2c7d0ea533f09e81a5,2022-04-05T16:10:48Z,administrator-virtual-machine,192.168.32.147,2,active,any,"[""default""]",racVM v4.2.6,racVM-manager,4/6/2022 15:45,racVM-manager,disabled
racVM-monitoring-2022.14w,_doc,fRia_38BNtEzm59aqwp-,1.7652504,x86_64,Focal Fossa,20,4,Ubuntu,ubuntu,Linux |administrator-virtual-machine |5.13.0-39-generic |#44~20.04.1-Ubuntu SMP Thu Mar 24 16:43:35 UTC 2022 |x86_64,20.04.4 LTS,2022-04-06T16:00:00Z,ab73af41699f13fdd81903b5f23d8d00,node01,2c45c95db2954d2c7d0ea533f09e81a5,2022-04-05T16:10:48Z,administrator-virtual-machine,192.168.32.147,2,active,any,"[""default""]",racVM v4.2.6,racVM-manager,4/6/2022 16:00,racVM-manager,disabled
racVM-monitoring-2022.14w,_doc,8BjD_38BNtEzm59a3wqZ,1.7652504,x86_64,Focal Fossa,20,4,Ubuntu,ubuntu,Linux |administrator-virtual-machine |5.13.0-39-generic |#44~20.04.1-Ubuntu SMP Thu Mar 24 16:43:35 UTC 2022 |x86_64,20.04.4 LTS,2022-04-06T16:44:57Z,ab73af41699f13fdd81903b5f23d8d00,node01,2c45c95db2954d2c7d0ea533f09e81a5,2022-04-05T16:10:48Z,administrator-virtual-machine,192.168.32.147,2,active,any,"[""default""]",racVM v4.2.6,racVM-manager,4/6/2022 16:45,racVM-manager,disabled
racVM-monitoring-2022.14w,_doc,pRio_38BNtEzm59aZgqe,1.7652504,x86_64,Focal Fossa,20,4,Ubuntu,ubuntu,Linux |administrator-virtual-machine |5.13.0-39-generic |#44~20.04.1-Ubuntu SMP Thu Mar 24 16:43:35 UTC 2022 |x86_64,20.04.4 LTS,2022-04-06T16:14:59Z,ab73af41699f13fdd81903b5f23d8d00,node01,2c45c95db2954d2c7d0ea533f09e81a5,2022-04-05T16:10:48Z,administrator-virtual-machine,192.168.32.147,2,active,any,"[""default""]",racVM v4.2.6,racVM-manager,4/6/2022 16:15,racVM-manager,disabled
racVM-monitoring-2022.14w,_doc,IquP-n8Bo1kLDy8QyEsG,1.7652504,x86_64,Focal Fossa,20,4,Ubuntu,ubuntu,Linux |administrator-virtual-machine |5.13.0-39-generic |#44~20.04.1-Ubuntu SMP Thu Mar 24 16:43:35 UTC 2022 |x86_64,20.04.4 LTS,2022-04-05T16:29:49Z,ab73af41699f13fdd81903b5f23d8d00,node01,2c45c95db2954d2c7d0ea533f09e81a5,2022-04-05T16:10:48Z,administrator-virtual-machine,192.168.32.147,2,active,any,"[""default""]",racVM v4.2.6,racVM-manager,4/5/2022 16:30,racVM-manager,disabled
racVM-monitoring-2022.14w,_doc,qxhR_n8BNtEzm59aFAQe,1.7652504,x86_64,Focal Fossa,20,4,Ubuntu,ubuntu,Linux |administrator-virtual-machine |5.13.0-39-generic |#44~20.04.1-Ubuntu SMP Thu Mar 24 16:43:35 UTC 2022 |x86_64,20.04.4 LTS,2022-04-06T09:59:54Z,ab73af41699f13fdd81903b5f23d8d00,node01,2c45c95db2954d2c7d0ea533f09e81a5,2022-04-05T16:10:48Z,administrator-virtual-machine,192.168.32.147,2,active,any,"[""default""]",racVM v4.2.6,racVM-manager,4/6/2022 10:00,racVM-manager,disabled
racVM-monitoring-2022.14w,_doc,kxgM_n8BNtEzm59aaQP0,1.7652504,x86_64,Focal Fossa,20,4,Ubuntu,ubuntu,Linux |administrator-virtual-machine |5.13.0-39-generic |#44~20.04.1-Ubuntu SMP Thu Mar 24 16:43:35 UTC 2022 |x86_64,20.04.4 LTS,2022-04-06T08:44:51Z,ab73af41699f13fdd81903b5f23d8d00,node01,2c45c95db2954d2c7d0ea533f09e81a5,2022-04-05T16:10:48Z,administrator-virtual-machine,192.168.32.147,2,active,any,"[""default""]",racVM v4.2.6,racVM-manager,4/6/2022 8:45,racVM-manager,disabled
racVM-monitoring-2022.14w,_doc,qhga_n8BNtEzm59aIwOv,1.7652504,x86_64,Focal Fossa,20,4,Ubuntu,ubuntu,Linux |administrator-virtual-machine |5.13.0-39-generic |#44~20.04.1-Ubuntu SMP Thu Mar 24 16:43:35 UTC 2022 |x86_64,20.04.4 LTS,2022-04-06T08:59:52Z,ab73af41699f13fdd81903b5f23d8d00,node01,2c45c95db2954d2c7d0ea533f09e81a5,2022-04-05T16:10:48Z,administrator-virtual-machine,192.168.32.147,2,active,any,"[""default""]",racVM v4.2.6,racVM-manager,4/6/2022 9:00,racVM-manager,disabled
racVM-monitoring-2022.14w,_doc,yBgn_n8BNtEzm59a4QNB,1.7652504,x86_64,Focal Fossa,20,4,Ubuntu,ubuntu,Linux |administrator-virtual-machine |5.13.0-39-generic |#44~20.04.1-Ubuntu SMP Thu Mar 24 16:43:35 UTC 2022 |x86_64,20.04.4 LTS,2022-04-06T09:14:53Z,ab73af41699f13fdd81903b5f23d8d00,node01,2c45c95db2954d2c7d0ea533f09e81a5,2022-04-05T16:10:48Z,administrator-virtual-machine,192.168.32.147,2,active,any,"[""default""]",racVM v4.2.6,racVM-manager,4/6/2022 9:15,racVM-manager,disabled
racVM-monitoring-2022.14w,_doc,hRjs_X8BNtEzm59a8QG6,1.7652504,x86_64,Focal Fossa,20,4,Ubuntu,ubuntu,Linux |administrator-virtual-machine |5.13.0-39-generic |#44~20.04.1-Ubuntu SMP Thu Mar 24 16:43:35 UTC 2022 |x86_64,20.04.4 LTS,2022-04-06T08:10:29Z,ab73af41699f13fdd81903b5f23d8d00,node01,2c45c95db2954d2c7d0ea533f09e81a5,2022-04-05T16:10:48Z,administrator-virtual-machine,192.168.32.147,2,active,any,"[""default""]",racVM v4.2.6,racVM-manager,4/6/2022 8:10,racVM-manager,disabled
racVM-monitoring-2022.14w,_doc,xhjw_X8BNtEzm59a8wL4,1.7652504,x86_64,Focal Fossa,20,4,Ubuntu,ubuntu,Linux |administrator-virtual-machine |5.13.0-39-generic |#44~20.04.1-Ubuntu SMP Thu Mar 24 16:43:35 UTC 2022 |x86_64,20.04.4 LTS,2022-04-06T08:14:59Z,ab73af41699f13fdd81903b5f23d8d00,node01,2c45c95db2954d2c7d0ea533f09e81a5,2022-04-05T16:10:48Z,administrator-virtual-machine,192.168.32.147,2,active,any,"[""default""]",racVM v4.2.6,racVM-manager,4/6/2022 8:15,racVM-manager,disabled
racVM-monitoring-2022.14w,_doc,dRj-_X8BNtEzm59arANO,1.7652504,x86_64,Focal Fossa,20,4,Ubuntu,ubuntu,Linux |administrator-virtual-machine |5.13.0-39-generic |#44~20.04.1-Ubuntu SMP Thu Mar 24 16:43:35 UTC 2022 |x86_64,20.04.4 LTS,2022-04-06T08:30:00Z,ab73af41699f13fdd81903b5f23d8d00,node01,2c45c95db2954d2c7d0ea533f09e81a5,2022-04-05T16:10:48Z,administrator-virtual-machine,192.168.32.147,2,active,any,"[""default""]",racVM v4.2.6,racVM-manager,4/6/2022 8:30,racVM-manager,disabled
racVM-monitoring-2022.14w,_doc,Fxg1_n8BNtEzm59angSM,1.7652504,x86_64,Focal Fossa,20,4,Ubuntu,ubuntu,Linux |administrator-virtual-machine |5.13.0-39-generic |#44~20.04.1-Ubuntu SMP Thu Mar 24 16:43:35 UTC 2022 |x86_64,20.04.4 LTS,2022-04-06T09:30:00Z,ab73af41699f13fdd81903b5f23d8d00,node01,2c45c95db2954d2c7d0ea533f09e81a5,2022-04-05T16:10:48Z,administrator-virtual-machine,192.168.32.147,2,active,any,"[""default""]",racVM v4.2.6,racVM-manager,4/6/2022 9:30,racVM-manager,disabled
racVM-monitoring-2022.14w,_doc,MhhD_n8BNtEzm59aVwQD,1.7652504,x86_64,Focal Fossa,20,4,Ubuntu,ubuntu,Linux |administrator-virtual-machine |5.13.0-39-generic |#44~20.04.1-Ubuntu SMP Thu Mar 24 16:43:35 UTC 2022 |x86_64,20.04.4 LTS,2022-04-06T09:44:49Z,ab73af41699f13fdd81903b5f23d8d00,node01,2c45c95db2954d2c7d0ea533f09e81a5,2022-04-05T16:10:48Z,administrator-virtual-machine,192.168.32.147,2,active,any,"[""default""]",racVM v4.2.6,racVM-manager,4/6/2022 9:45,racVM-manager,disabled
racVM-monitoring-2022.14w,_doc,Oxjo_n8BNtEzm59aIgb5,1.7652504,x86_64,Focal Fossa,20,4,Ubuntu,ubuntu,Linux |administrator-virtual-machine |5.13.0-39-generic |#44~20.04.1-Ubuntu SMP Thu Mar 24 16:43:35 UTC 2022 |x86_64,20.04.4 LTS,2022-04-06T12:44:50Z,ab73af41699f13fdd81903b5f23d8d00,node01,2c45c95db2954d2c7d0ea533f09e81a5,2022-04-05T16:10:48Z,administrator-virtual-machine,192.168.32.147,2,active,any,"[""default""]",racVM v4.2.6,racVM-manager,4/6/2022 12:45,racVM-manager,disabled
racVM-monitoring-2022.14w,_doc,DRja_n8BNtEzm59aZgYj,1.7652504,x86_64,Focal Fossa,20,4,Ubuntu,ubuntu,Linux |administrator-virtual-machine |5.13.0-39-generic |#44~20.04.1-Ubuntu SMP Thu Mar 24 16:43:35 UTC 2022 |x86_64,20.04.4 LTS,2022-04-06T12:29:51Z,ab73af41699f13fdd81903b5f23d8d00,node01,2c45c95db2954d2c7d0ea533f09e81a5,2022-04-05T16:10:48Z,administrator-virtual-machine,192.168.32.147,2,active,any,"[""default""]",racVM v4.2.6,racVM-manager,4/6/2022 12:30,racVM-manager,disabled
racVM-monitoring-2022.14w,_doc,GBhI_38BNtEzm59aRAhL,1.7652504,x86_64,Focal Fossa,20,4,Ubuntu,ubuntu,Linux |administrator-virtual-machine |5.13.0-39-generic |#44~20.04.1-Ubuntu SMP Thu Mar 24 16:43:35 UTC 2022 |x86_64,20.04.4 LTS,2022-04-06T14:29:52Z,ab73af41699f13fdd81903b5f23d8d00,node01,2c45c95db2954d2c7d0ea533f09e81a5,2022-04-05T16:10:48Z,administrator-virtual-machine,192.168.32.147,2,active,any,"[""default""]",racVM v4.2.6,racVM-manager,4/6/2022 14:30,racVM-manager,disabled
racVM-monitoring-2022.14w,_doc,ahj1_n8BNtEzm59a3QZt,1.7652504,x86_64,Focal Fossa,20,4,Ubuntu,ubuntu,Linux |administrator-virtual-machine |5.13.0-39-generic |#44~20.04.1-Ubuntu SMP Thu Mar 24 16:43:35 UTC 2022 |x86_64,20.04.4 LTS,2022-04-06T12:59:58Z,ab73af41699f13fdd81903b5f23d8d00,node01,2c45c95db2954d2c7d0ea533f09e81a5,2022-04-05T16:10:48Z,administrator-virtual-machine,192.168.32.147,2,active,any,"[""default""]",racVM v4.2.6,racVM-manager,4/6/2022 13:00,racVM-manager,disabled
racVM-monitoring-2022.14w,_doc,kBgf_38BNtEzm59aFAdb,1.7652504,x86_64,Focal Fossa,20,4,Ubuntu,ubuntu,Linux |administrator-virtual-machine |5.13.0-39-generic |#44~20.04.1-Ubuntu SMP Thu Mar 24 16:43:35 UTC 2022 |x86_64,20.04.4 LTS,2022-04-06T13:44:55Z,ab73af41699f13fdd81903b5f23d8d00,node01,2c45c95db2954d2c7d0ea533f09e81a5,2022-04-05T16:10:48Z,administrator-virtual-machine,192.168.32.147,2,active,any,"[""default""]",racVM v4.2.6,racVM-manager,4/6/2022 13:45,racVM-manager,disabled
racVM-monitoring-2022.14w,_doc,yhgs_38BNtEzm59azwcK,1.7652504,x86_64,Focal Fossa,20,4,Ubuntu,ubuntu,Linux |administrator-virtual-machine |5.13.0-39-generic |#44~20.04.1-Ubuntu SMP Thu Mar 24 16:43:35 UTC 2022 |x86_64,20.04.4 LTS,2022-04-06T13:59:54Z,ab73af41699f13fdd81903b5f23d8d00,node01,2c45c95db2954d2c7d0ea533f09e81a5,2022-04-05T16:10:48Z,administrator-virtual-machine,192.168.32.147,2,active,any,"[""default""]",racVM v4.2.6,racVM-manager,4/6/2022 14:00,racVM-manager,disabled
racVM-monitoring-2022.14w,_doc,8hg6_38BNtEzm59aiQd4,1.7652504,x86_64,Focal Fossa,20,4,Ubuntu,ubuntu,Linux |administrator-virtual-machine |5.13.0-39-generic |#44~20.04.1-Ubuntu SMP Thu Mar 24 16:43:35 UTC 2022 |x86_64,20.04.4 LTS,2022-04-06T14:14:54Z,ab73af41699f13fdd81903b5f23d8d00,node01,2c45c95db2954d2c7d0ea533f09e81a5,2022-04-05T16:10:48Z,administrator-virtual-machine,192.168.32.147,2,active,any,"[""default""]",racVM v4.2.6,racVM-manager,4/6/2022 14:15,racVM-manager,disabled
racVM-monitoring-2022.14w,_doc,MhgD_38BNtEzm59amweG,1.7652504,x86_64,Focal Fossa,20,4,Ubuntu,ubuntu,Linux |administrator-virtual-machine |5.13.0-39-generic |#44~20.04.1-Ubuntu SMP Thu Mar 24 16:43:35 UTC 2022 |x86_64,20.04.4 LTS,2022-04-06T13:14:56Z,ab73af41699f13fdd81903b5f23d8d00,node01,2c45c95db2954d2c7d0ea533f09e81a5,2022-04-05T16:10:48Z,administrator-virtual-machine,192.168.32.147,2,active,any,"[""default""]",racVM v4.2.6,racVM-manager,4/6/2022 13:15,racVM-manager,disabled
racVM-monitoring-2022.14w,_doc,WhgR_38BNtEzm59aVgeB,1.7652504,x86_64,Focal Fossa,20,4,Ubuntu,ubuntu,Linux |administrator-virtual-machine |5.13.0-39-generic |#44~20.04.1-Ubuntu SMP Thu Mar 24 16:43:35 UTC 2022 |x86_64,20.04.4 LTS,2022-04-06T13:29:56Z,ab73af41699f13fdd81903b5f23d8d00,node01,2c45c95db2954d2c7d0ea533f09e81a5,2022-04-05T16:10:48Z,administrator-virtual-machine,192.168.32.147,2,active,any,"[""default""]",racVM v4.2.6,racVM-manager,4/6/2022 13:30,racVM-manager,disabled
racVM-monitoring-2022.14w,_doc,2biBCoAB8lCS1J-iGz2_,1.7652504,x86_64,Focal Fossa,20,4,Ubuntu,ubuntu,Linux |administrator-virtual-machine |5.13.0-39-generic |#44~20.04.1-Ubuntu SMP Thu Mar 24 16:43:35 UTC 2022 |x86_64,20.04.4 LTS,2022-04-08T18:47:50Z,ab73af41699f13fdd81903b5f23d8d00,node01,2c45c95db2954d2c7d0ea533f09e81a5,2022-04-05T16:10:48Z,administrator-virtual-machine,192.168.32.147,2,active,any,"[""default""]",racVM v4.2.6,racVM-manager,4/8/2022 18:47,racVM-manager,disabled
racVM-monitoring-2022.14w,_doc,Pxjt_38BNtEzm59aEQzC,1.7652504,x86_64,Focal Fossa,20,4,Ubuntu,ubuntu,Linux |administrator-virtual-machine |5.13.0-39-generic |#44~20.04.1-Ubuntu SMP Thu Mar 24 16:43:35 UTC 2022 |x86_64,20.04.4 LTS,2022-04-06T17:29:55Z,ab73af41699f13fdd81903b5f23d8d00,node01,2c45c95db2954d2c7d0ea533f09e81a5,2022-04-05T16:10:48Z,administrator-virtual-machine,192.168.32.147,2,active,any,"[""default""]",racVM v4.2.6,racVM-manager,4/6/2022 17:30,racVM-manager,disabled
racVM-monitoring-2022.14w,_doc,ZhgxAIABNtEzm59avg1K,1.7652504,x86_64,Focal Fossa,20,4,Ubuntu,ubuntu,Linux |administrator-virtual-machine |5.13.0-39-generic |#44~20.04.1-Ubuntu SMP Thu Mar 24 16:43:35 UTC 2022 |x86_64,20.04.4 LTS,2022-04-06T18:44:51Z,ab73af41699f13fdd81903b5f23d8d00,node01,2c45c95db2954d2c7d0ea533f09e81a5,2022-04-05T16:10:48Z,administrator-virtual-machine,192.168.32.147,2,active,any,"[""default""]",racVM v4.2.6,racVM-manager,4/6/2022 18:45,racVM-manager,disabled
racVM-monitoring-2022.14w,_doc,QhjR_38BNtEzm59alwvP,1.7652504,x86_64,Focal Fossa,20,4,Ubuntu,ubuntu,Linux |administrator-virtual-machine |5.13.0-39-generic |#44~20.04.1-Ubuntu SMP Thu Mar 24 16:43:35 UTC 2022 |x86_64,20.04.4 LTS,2022-04-06T16:59:56Z,ab73af41699f13fdd81903b5f23d8d00,node01,2c45c95db2954d2c7d0ea533f09e81a5,2022-04-05T16:10:48Z,administrator-virtual-machine,192.168.32.147,2,active,any,"[""default""]",racVM v4.2.6,racVM-manager,4/6/2022 17:00,racVM-manager,disabled
racVM-monitoring-2022.14w,_doc,bxj6_38BNtEzm59azAyT,1.7652504,x86_64,Focal Fossa,20,4,Ubuntu,ubuntu,Linux |administrator-virtual-machine |5.13.0-39-generic |#44~20.04.1-Ubuntu SMP Thu Mar 24 16:43:35 UTC 2022 |x86_64,20.04.4 LTS,2022-04-06T17:44:55Z,ab73af41699f13fdd81903b5f23d8d00,node01,2c45c95db2954d2c7d0ea533f09e81a5,2022-04-05T16:10:48Z,administrator-virtual-machine,192.168.32.147,2,active,any,"[""default""]",racVM v4.2.6,racVM-manager,4/6/2022 17:45,racVM-manager,disabled
racVM-monitoring-2022.14w,_doc,pxgIAIABNtEzm59ahgzT,1.7652504,x86_64,Focal Fossa,20,4,Ubuntu,ubuntu,Linux |administrator-virtual-machine |5.13.0-39-generic |#44~20.04.1-Ubuntu SMP Thu Mar 24 16:43:35 UTC 2022 |x86_64,20.04.4 LTS,2022-04-06T17:59:54Z,ab73af41699f13fdd81903b5f23d8d00,node01,2c45c95db2954d2c7d0ea533f09e81a5,2022-04-05T16:10:48Z,administrator-virtual-machine,192.168.32.147,2,active,any,"[""default""]",racVM v4.2.6,racVM-manager,4/6/2022 18:00,racVM-manager,disabled
racVM-monitoring-2022.14w,_doc,0xgWAIABNtEzm59aQQyY,1.7652504,x86_64,Focal Fossa,20,4,Ubuntu,ubuntu,Linux |administrator-virtual-machine |5.13.0-39-generic |#44~20.04.1-Ubuntu SMP Thu Mar 24 16:43:35 UTC 2022 |x86_64,20.04.4 LTS,2022-04-06T18:14:53Z,ab73af41699f13fdd81903b5f23d8d00,node01,2c45c95db2954d2c7d0ea533f09e81a5,2022-04-05T16:10:48Z,administrator-virtual-machine,192.168.32.147,2,active,any,"[""default""]",racVM v4.2.6,racVM-manager,4/6/2022 18:15,racVM-manager,disabled
racVM-monitoring-2022.14w,_doc,NxgjAIABNtEzm59a_w39,1.7652504,x86_64,Focal Fossa,20,4,Ubuntu,ubuntu,Linux |administrator-virtual-machine |5.13.0-39-generic |#44~20.04.1-Ubuntu SMP Thu Mar 24 16:43:35 UTC 2022 |x86_64,20.04.4 LTS,2022-04-06T18:29:52Z,ab73af41699f13fdd81903b5f23d8d00,node01,2c45c95db2954d2c7d0ea533f09e81a5,2022-04-05T16:10:48Z,administrator-virtual-machine,192.168.32.147,2,active,any,"[""default""]",racVM v4.2.6,racVM-manager,4/6/2022 18:30,racVM-manager,disabled
racVM-monitoring-2022.14w,_doc,qxjf_38BNtEzm59aUwsJ,1.7652504,x86_64,Focal Fossa,20,4,Ubuntu,ubuntu,Linux |administrator-virtual-machine |5.13.0-39-generic |#44~20.04.1-Ubuntu SMP Thu Mar 24 16:43:35 UTC 2022 |x86_64,20.04.4 LTS,2022-04-06T17:14:55Z,ab73af41699f13fdd81903b5f23d8d00,node01,2c45c95db2954d2c7d0ea533f09e81a5,2022-04-05T16:10:48Z,administrator-virtual-machine,192.168.32.147,2,active,any,"[""default""]",racVM v4.2.6,racVM-manager,4/6/2022 17:15,racVM-manager,disabled
racVM-monitoring-2022.14w,_doc,pbiMCoAB8lCS1J-iLD9o,1.7652504,x86_64,Focal Fossa,20,4,Ubuntu,ubuntu,Linux |administrator-virtual-machine |5.13.0-39-generic |#44~20.04.1-Ubuntu SMP Thu Mar 24 16:43:35 UTC 2022 |x86_64,20.04.4 LTS,2022-04-08T18:59:50Z,ab73af41699f13fdd81903b5f23d8d00,node01,2c45c95db2954d2c7d0ea533f09e81a5,2022-04-05T16:10:48Z,administrator-virtual-machine,192.168.32.147,2,active,any,"[""default""]",racVM v4.2.6,racVM-manager,4/8/2022 19:00,racVM-manager,disabled
racVM-monitoring-2022.14w,_doc,7riZCoAB8lCS1J-i6T_Y,1.7652504,x86_64,Focal Fossa,20,4,Ubuntu,ubuntu,Linux |administrator-virtual-machine |5.13.0-39-generic |#44~20.04.1-Ubuntu SMP Thu Mar 24 16:43:35 UTC 2022 |x86_64,20.04.4 LTS,2022-04-08T19:15:00Z,ab73af41699f13fdd81903b5f23d8d00,node01,2c45c95db2954d2c7d0ea533f09e81a5,2022-04-05T16:10:48Z,administrator-virtual-machine,192.168.32.147,2,active,any,"[""default""]",racVM v4.2.6,racVM-manager,4/8/2022 19:15,racVM-manager,disabled
racVM-monitoring-2022.14w,_doc,K7inCoAB8lCS1J-io0CJ,1.7652504,x86_64,Focal Fossa,20,4,Ubuntu,ubuntu,Linux |administrator-virtual-machine |5.13.0-39-generic |#44~20.04.1-Ubuntu SMP Thu Mar 24 16:43:35 UTC 2022 |x86_64,20.04.4 LTS,2022-04-08T19:29:50Z,ab73af41699f13fdd81903b5f23d8d00,node01,2c45c95db2954d2c7d0ea533f09e81a5,2022-04-05T16:10:48Z,administrator-virtual-machine,192.168.32.147,2,active,any,"[""default""]",racVM v4.2.6,racVM-manager,4/8/2022 19:30,racVM-manager,disabled
racVM-monitoring-2022.14w,_doc,c7i1CoAB8lCS1J-iYUBQ,1.7652504,x86_64,Focal Fossa,20,4,Ubuntu,ubuntu,Linux |administrator-virtual-machine |5.13.0-39-generic |#44~20.04.1-Ubuntu SMP Thu Mar 24 16:43:35 UTC 2022 |x86_64,20.04.4 LTS,2022-04-08T19:44:50Z,ab73af41699f13fdd81903b5f23d8d00,node01,2c45c95db2954d2c7d0ea533f09e81a5,2022-04-05T16:10:48Z,administrator-virtual-machine,192.168.32.147,2,active,any,"[""default""]",racVM v4.2.6,racVM-manager,4/8/2022 19:45,racVM-manager,disabled
